user_id,username,password
3000,sofiagarcia,sofiagarcia_pw
3001,sofialopez,sofialopez_pw
3002,sofiadiaz,sofiadiaz_pw
3003,sofiaortiz,sofiaortiz_pw
3004,sofiaromero,sofiaromero_pw
3005,mateogarcia,mateogarcia_pw
3006,mateolopez,mateolopez_pw
3007,mateodiaz,mateodiaz_pw
3008,mateoortiz,mateoortiz_pw
3009,mateoromero,mateoromero_pw
3010,valeriagarcia,valeriagarcia_pw
3011,valerialopez,valerialopez_pw
3012,valeriadiaz,valeriadiaz_pw
3013,valeriaortiz,valeriaortiz_pw
3014,valeriaromero,valeriaromero_pw
3015,diegogarcia,diegogarcia_pw
3016,diegolopez,diegolopez_pw
3017,diegodiaz,diegodiaz_pw
3018,diegoortiz,diegoortiz_pw
3019,diegoromero,diegoromero_pw
3020,camilagarcia,camilagarcia_pw
3021,camilalopez,camilalopez_pw
3022,camiladiaz,camiladiaz_pw
3023,camilaortiz,camilaortiz_pw
3024,camilaromero,camilaromero_pw
3025,aaravpatel,aaravpatel_pw
3026,aaravsharma,aaravsharma_pw
3027,aaravsingh,aaravsingh_pw
3028,aaraviyer,aaraviyer_pw
3029,aaravgupta,aaravgupta_pw
3030,anayapatel,anayapatel_pw
3031,anayasharma,anayasharma_pw
3032,anayasingh,anayasingh_pw
3033,anayaiyer,anayaiyer_pw
3034,anayagupta,anayagupta_pw
3035,ishaanpatel,ishaanpatel_pw
3036,ishaansharma,ishaansharma_pw
3037,ishaansingh,ishaansingh_pw
3038,ishaaniyer,ishaaniyer_pw
3039,ishaangupta,ishaangupta_pw
3040,priyapatel,priyapatel_pw
3041,priyasharma,priyasharma_pw
3042,priyasingh,priyasingh_pw
3043,priyaiyer,priyaiyer_pw
3044,priyagupta,priyagupta_pw
3045,rohanpatel,rohanpatel_pw
3046,rohansharma,rohansharma_pw
3047,rohansingh,rohansingh_pw
3048,rohaniyer,rohaniyer_pw
3049,rohangupta,rohangupta_pw
3050,minhokim,minhokim_pw
3051,minholee,minholee_pw
3052,minhotanaka,minhotanaka_pw
3053,minhochen,minhochen_pw
3054,minhopark,minhopark_pw
3055,yunakim,yunakim_pw
3056,yunalee,yunalee_pw
3057,yunatanaka,yunatanaka_pw
3058,yunachen,yunachen_pw
3059,yunapark,yunapark_pw
3060,meikim,meikim_pw
3061,meilee,meilee_pw
3062,meitanaka,meitanaka_pw
3063,meichen,meichen_pw
3064,meipark,meipark_pw
3065,kenjikim,kenjikim_pw
3066,kenjilee,kenjilee_pw
3067,kenjitanaka,kenjitanaka_pw
3068,kenjichen,kenjichen_pw
3069,kenjipark,kenjipark_pw
3070,harukim,harukim_pw
3071,harulee,harulee_pw
3072,harutanaka,harutanaka_pw
3073,haruchen,haruchen_pw
3074,harupark,harupark_pw
3075,oliviasmith,oliviasmith_pw
3076,oliviabrown,oliviabrown_pw
3077,oliviataylor,oliviataylor_pw
3078,oliviamoore,oliviamoore_pw
3079,oliviadavis,oliviadavis_pw
3080,masonsmith,masonsmith_pw
3081,masonbrown,masonbrown_pw
3082,masontaylor,masontaylor_pw
3083,masonmoore,masonmoore_pw
3084,masondavis,masondavis_pw
3085,emmasmith,emmasmith_pw
3086,emmabrown,emmabrown_pw
3087,emmataylor,emmataylor_pw
3088,emmamoore,emmamoore_pw
3089,emmadavis,emmadavis_pw
3090,noahsmith,noahsmith_pw
3091,noahbrown,noahbrown_pw
3092,noahtaylor,noahtaylor_pw
3093,noahmoore,noahmoore_pw
3094,noahdavis,noahdavis_pw
3095,avasmith,avasmith_pw
3096,avabrown,avabrown_pw
3097,avataylor,avataylor_pw
3098,avamoore,avamoore_pw
3099,avadavis,avadavis_pw
